WBPaper ID,Oligo,Sentence
WBPaper00050743,TGAGACGTCAACAATATGG,"CRISPR strain construction A co-CRISPR technique used recreate mutation alleles described [63].A 19 base pair insert(TGAGACGTCAACAATATGG) cloned pJW1219 direct Cas9 cleavage ELLI-1 modulates RNAi activityandP granulesPLOS Genetics | DOI:10.1371/journal.pgen.1006611 February 9, 2017 14 / 20 fl "" (pDU58), 86 base pair Ultramer (IDT) used a homologous repair template introduce dominant fl "" mutation(GTTAAACTTGGAGCAGGAACCGCTTCCA ACCGTGTtcGgtGcCAgCAgTAcGGAGGATATGGAGCCACTGGTGTTCAGCCACCAGC). "
WBPaper00050743,GTTAAACTTGGAGCAGGAACCGCTTCCAACCGTGTtcGgtGcCAgCAgTAcGGAGGATATGGAGCCACTGGTGTTCAGCCACCAGC,"CRISPR strain construction A co-CRISPR technique used recreate mutation alleles described [63].A 19 base pair insert(TGAGACGTCAACAATATGG) cloned pJW1219 direct Cas9 cleavage ELLI-1 modulates RNAi activityandP granulesPLOS Genetics | DOI:10.1371/journal.pgen.1006611 February 9, 2017 14 / 20 fl "" (pDU58), 86 base pair Ultramer (IDT) used a homologous repair template introduce dominant fl "" mutation(GTTAAACTTGGAGCAGGAACCGCTTCCA ACCGTGTtcGgtGcCAgCAgTAcGGAGGATATGGAGCCACTGGTGTTCAGCCACCAGC). "
WBPaper00050743,ATATCCACATCTTACCGGG,"alleles, 19 base pairs(ATATCCACATCT TACCGGG) cloned pJW1219 direct cleavage (pDU59), repaired (ttattt- cagATCTGCCAAACCAGGCCAAAAGTGCCGCCaGGcAAaATGTGaATATTCGAAAG TCGAACGATTTACGACGAGAATGG). "
WBPaper00050743,ttattt-cagATCTGCCAAACCAGGCCAAAAGTGCCGCCaGGcAAaATGTGaATATTCGAAAGTCGAACGATTTACGACGAGAATGG,"alleles, 19 base pairs(ATATCCACATCT TACCGGG) cloned pJW1219 direct cleavage (pDU59), repaired (ttattt- cagATCTGCCAAACCAGGCCAAAAGTGCCGCCaGGcAAaATGTGaATATTCGAAAG TCGAACGATTTACGACGAGAATGG). "
WBPaper00050743,GAATGATCCAGCTAATCGAG,"create % fi#!, 20 base pairs (GAATGATCCAGCTAATCGAG) cloned pJW1219 direct cleavage (pDU57), repaired 60 base pair oligo(AATGAAGAATGATCC AGCTAATCGAGCaGCTt TCTACTTTTTGGATAAGAACTGGCCAGA). "
WBPaper00050743,AATGAAGAATGATCCAGCTAATCGAGCaGCTtTCTACTTTTTGGATAAGAACTGGCCAGA,"create % fi#!, 20 base pairs (GAATGATCCAGCTAATCGAG) cloned pJW1219 direct cleavage (pDU57), repaired 60 base pair oligo(AATGAAGAATGATCC AGCTAATCGAGCaGCTt TCTACTTTTTGGATAAGAACTGGCCAGA). "
WBPaper00050743,TCCCTCAAGATGAAGAAGGC,"direct fl% cleavage,(TCCCTCAAGATGAAGAAGGC) inserted pJW1219 (pDU69).To direct fiflfl cleavage(TCATGCTCACGATGACGAT) inserted pJW1219 (pDU60).To direct fl cleavage(GGTGGTTACGGGGGTC GTGG) inserted pJW1219 (pDU70). "
WBPaper00050743,TCATGCTCACGATGACGAT,"direct fl% cleavage,(TCCCTCAAGATGAAGAAGGC) inserted pJW1219 (pDU69).To direct fiflfl cleavage(TCATGCTCACGATGACGAT) inserted pJW1219 (pDU60).To direct fl cleavage(GGTGGTTACGGGGGTC GTGG) inserted pJW1219 (pDU70). "
WBPaper00050743,GGTGGTTACGGGGGTCGTGG,"direct fl% cleavage,(TCCCTCAAGATGAAGAAGGC) inserted pJW1219 (pDU69).To direct fiflfl cleavage(TCATGCTCACGATGACGAT) inserted pJW1219 (pDU60).To direct fl cleavage(GGTGGTTACGGGGGTC GTGG) inserted pJW1219 (pDU70). "
